{"loss": 0.23234626650810242, "_timestamp": 1746106976.16448, "_runtime": 3177.2554109096527, "_step": 9999, "_wandb": {"runtime": 3258}}